omar ali omar,1000000000000,123456@a,m,20,cairo,0
ali ali ali,1000000000001,123456@a,m,52,cairo,1
hhh hhh hhh,1000000000002,222222@a,m,20,cairo,0
bat bat bat,1000000011111,123456@a,m,90,suez,1
vera vera vera,1111111111111,123456@a,f,30,matruh,1
llll llll llll,1111111111112,123456@a,m,20,cairo,2
ddd ddd ddd,1111111111113,123456@a,m,20,cairo,0
kar kar karen,1231231231232,123456@a,f,17,cairo,1
lala lala lala,2222222222222,123456@a,m,60,giza,0
mel melli mel,3333333333333,123456@a,m,21,aswan,0
hassan mo mo,4000000000000,123456@a,m,35,cairo,0
kkk kkk kkk,4444444444444,123456@a,m,30,cairo,0
jou jou jou,5555555544444,123456@a,f,25,cairo,2
sandra san san,6666666666666,123456@a,f,12,port said,1
dafsd adfws sedgw,7777777777777,123456@a,f,30,cairo,0
mar mar mar,8888888877777,123465@a,f,34,matruh,0
aaa aaa aaa,8888888888882,123456@a,m,40,cairo,2
rrrr rrr rrr,9090909090999,A1234@aa,f,20,cairo,0
lolo lolo lolo,9999999999999,123456@a,m,21,luxor,2
